ringo |Ringo Starr    |ringo.starr@beatles.com
george|George Harrison|george.harrison@beatles.com
paul  |Paul McCartney |paul.mccartney@beatles.com
john  |John Lennon    |john.lennon@beatles.com